-- --------------------------------------------------------
-- Host:                         127.0.0.1
-- Versión del servidor:         8.0.30 - MySQL Community Server - GPL
-- SO del servidor:              Win64
-- HeidiSQL Versión:             12.1.0.6537
-- --------------------------------------------------------

/*!40101 SET @OLD_CHARACTER_SET_CLIENT=@@CHARACTER_SET_CLIENT */;
/*!40101 SET NAMES utf8 */;
/*!50503 SET NAMES utf8mb4 */;
/*!40103 SET @OLD_TIME_ZONE=@@TIME_ZONE */;
/*!40103 SET TIME_ZONE='+00:00' */;
/*!40014 SET @OLD_FOREIGN_KEY_CHECKS=@@FOREIGN_KEY_CHECKS, FOREIGN_KEY_CHECKS=0 */;
/*!40101 SET @OLD_SQL_MODE=@@SQL_MODE, SQL_MODE='NO_AUTO_VALUE_ON_ZERO' */;
/*!40111 SET @OLD_SQL_NOTES=@@SQL_NOTES, SQL_NOTES=0 */;


-- Volcando estructura de base de datos para crudphpmysql
CREATE DATABASE IF NOT EXISTS `crudphpmysql` /*!40100 DEFAULT CHARACTER SET utf8mb4 COLLATE utf8mb4_unicode_ci */ /*!80016 DEFAULT ENCRYPTION='N' */;
USE `crudphpmysql`;

-- Volcando estructura para tabla crudphpmysql.atenciones
CREATE TABLE IF NOT EXISTS `atenciones` (
  `id_atencion` int NOT NULL AUTO_INCREMENT,
  `id_ticket` int DEFAULT NULL,
  `id_usuario` int DEFAULT NULL,
  `id_ventanilla` int DEFAULT NULL,
  `fecha_llamado` datetime DEFAULT NULL,
  `fecha_terminado` datetime DEFAULT NULL,
  `estado_final` enum('FINALIZADO','CANCELADO','NO_PRESENTADO') COLLATE utf8mb4_unicode_ci DEFAULT NULL,
  `tiempo_atencion` int DEFAULT NULL,
  `creado_aten` datetime DEFAULT NULL,
  PRIMARY KEY (`id_atencion`),
  KEY `id_ticket` (`id_ticket`),
  KEY `id_usuario` (`id_usuario`),
  KEY `id_ventanilla` (`id_ventanilla`),
  CONSTRAINT `atencion_ticket` FOREIGN KEY (`id_ticket`) REFERENCES `tickets` (`id_tickets`),
  CONSTRAINT `atencion_usuario` FOREIGN KEY (`id_usuario`) REFERENCES `usuarios` (`id_usuario`),
  CONSTRAINT `atencion_ventanilla` FOREIGN KEY (`id_ventanilla`) REFERENCES `ventanillas` (`id_ventanilla`)
) ENGINE=InnoDB AUTO_INCREMENT=2 DEFAULT CHARSET=utf8mb4 COLLATE=utf8mb4_unicode_ci;

-- Volcando datos para la tabla crudphpmysql.atenciones: ~0 rows (aproximadamente)

-- Volcando estructura para tabla crudphpmysql.operador_servicios
CREATE TABLE IF NOT EXISTS `operador_servicios` (
  `id_opeserv` int NOT NULL AUTO_INCREMENT,
  `id_usuario` int DEFAULT NULL,
  `id_servicio` int DEFAULT NULL,
  PRIMARY KEY (`id_opeserv`),
  KEY `id_usuario` (`id_usuario`),
  KEY `id_servicio` (`id_servicio`),
  CONSTRAINT `ope_serv_serv` FOREIGN KEY (`id_servicio`) REFERENCES `servicios` (`id_servicios`),
  CONSTRAINT `ope_serv_user` FOREIGN KEY (`id_usuario`) REFERENCES `usuarios` (`id_usuario`)
) ENGINE=InnoDB AUTO_INCREMENT=5 DEFAULT CHARSET=utf8mb4 COLLATE=utf8mb4_unicode_ci;

-- Volcando datos para la tabla crudphpmysql.operador_servicios: ~4 rows (aproximadamente)
INSERT INTO `operador_servicios` (`id_opeserv`, `id_usuario`, `id_servicio`) VALUES
	(1, 5, 1),
	(2, 5, 2),
	(3, 10, 1),
	(4, 10, 6);

-- Volcando estructura para tabla crudphpmysql.persona
CREATE TABLE IF NOT EXISTS `persona` (
  `id_persona` int NOT NULL AUTO_INCREMENT,
  `nombre` varchar(50) COLLATE utf8mb4_unicode_ci DEFAULT NULL,
  `apellido` varchar(50) COLLATE utf8mb4_unicode_ci DEFAULT NULL,
  `dni` varchar(50) COLLATE utf8mb4_unicode_ci DEFAULT NULL,
  `fecha_nac` date DEFAULT NULL,
  `correo` varchar(50) COLLATE utf8mb4_unicode_ci DEFAULT NULL,
  PRIMARY KEY (`id_persona`)
) ENGINE=InnoDB AUTO_INCREMENT=10 DEFAULT CHARSET=utf8mb4 COLLATE=utf8mb4_unicode_ci;

-- Volcando datos para la tabla crudphpmysql.persona: ~5 rows (aproximadamente)
INSERT INTO `persona` (`id_persona`, `nombre`, `apellido`, `dni`, `fecha_nac`, `correo`) VALUES
	(4, 'Roman', 'Acero', '71062876', '1998-02-28', 'roman@gmail.com'),
	(6, 'Cesar', 'Oliva', '78965874', '2002-02-02', 'cesar@gmail.com'),
	(7, 'Ivan', 'Carbajal', '71062876', '2003-03-03', 'ivan@gmail.com'),
	(8, 'a', 'a', 'a', '2026-02-20', 'a'),
	(9, 'a', 'a', 'a', '2026-02-20', 'a');

-- Volcando estructura para tabla crudphpmysql.roles
CREATE TABLE IF NOT EXISTS `roles` (
  `id_rol` int NOT NULL AUTO_INCREMENT,
  `nombre_rol` varchar(50) COLLATE utf8mb4_unicode_ci NOT NULL,
  `descripcion_rol` varchar(50) COLLATE utf8mb4_unicode_ci NOT NULL,
  `estado_rol` varchar(50) CHARACTER SET utf8mb4 COLLATE utf8mb4_unicode_ci NOT NULL DEFAULT '1',
  `creado_rol` timestamp NULL DEFAULT NULL,
  `actualizado_rol` timestamp NULL DEFAULT NULL,
  PRIMARY KEY (`id_rol`)
) ENGINE=InnoDB AUTO_INCREMENT=5 DEFAULT CHARSET=utf8mb4 COLLATE=utf8mb4_unicode_ci;

-- Volcando datos para la tabla crudphpmysql.roles: ~3 rows (aproximadamente)
INSERT INTO `roles` (`id_rol`, `nombre_rol`, `descripcion_rol`, `estado_rol`, `creado_rol`, `actualizado_rol`) VALUES
	(1, 'Super Admin', 'Administrador del sistema', '1', '2026-02-23 14:34:24', NULL),
	(2, 'Admin', 'Administrador de turnos', '1', '2026-02-23 14:34:38', NULL),
	(3, 'Operador', 'Ejecutivos de Atención', '1', '2026-02-23 14:34:59', NULL),
	(4, 'Monitor', 'Vista de pantallas', '1', '2026-02-23 14:35:32', NULL);

-- Volcando estructura para tabla crudphpmysql.servicios
CREATE TABLE IF NOT EXISTS `servicios` (
  `id_servicios` int NOT NULL AUTO_INCREMENT,
  `nombre_serv` varchar(50) COLLATE utf8mb4_unicode_ci DEFAULT NULL,
  `codigo_serv` varchar(50) COLLATE utf8mb4_unicode_ci DEFAULT NULL,
  `estado_serv` tinyint DEFAULT '1',
  `creado_serv` timestamp NULL DEFAULT NULL,
  `actualizado_serv` timestamp NULL DEFAULT NULL,
  PRIMARY KEY (`id_servicios`)
) ENGINE=InnoDB AUTO_INCREMENT=12 DEFAULT CHARSET=utf8mb4 COLLATE=utf8mb4_unicode_ci;

-- Volcando datos para la tabla crudphpmysql.servicios: ~11 rows (aproximadamente)
INSERT INTO `servicios` (`id_servicios`, `nombre_serv`, `codigo_serv`, `estado_serv`, `creado_serv`, `actualizado_serv`) VALUES
	(1, 'CONTRATOS', 'CONT', 1, '2026-02-20 14:07:40', NULL),
	(2, 'RECLAMOS COM.', 'RECO', 1, '2026-02-20 14:07:54', NULL),
	(3, 'DUPLICADOS', 'DUPL', 1, '2026-02-20 14:08:10', NULL),
	(4, 'CONCILIACIONES', 'CONC', 1, '2026-02-20 14:12:30', NULL),
	(5, 'OTROS', 'OTRO', 1, '2026-02-20 14:14:03', NULL),
	(6, 'CONEXIONES NUEVAS', 'CONU', 1, '2026-02-20 15:30:16', NULL),
	(7, 'FACTIBILIDAD', 'FACT', 1, NULL, NULL),
	(8, 'PREFERENCIAL', 'PREF', 1, NULL, NULL),
	(9, 'ROBO DE MEDIDOR', 'ROME', 1, NULL, NULL),
	(10, 'SERV. CORTADOS', 'SECO', 1, NULL, NULL),
	(11, 'RECLAMO OPER.', 'REOP', 0, NULL, NULL);

-- Volcando estructura para tabla crudphpmysql.tickets
CREATE TABLE IF NOT EXISTS `tickets` (
  `id_tickets` int NOT NULL AUTO_INCREMENT,
  `numero_tk` int NOT NULL DEFAULT '0',
  `id_servicios` int NOT NULL,
  `fecha_tk` date NOT NULL,
  `estado_tk` enum('PENDIENTE','LLAMADO','EN_ATENCION','FINALIZADO','CANCELADO','NO_PRESENTADO') CHARACTER SET utf8mb4 COLLATE utf8mb4_unicode_ci NOT NULL DEFAULT 'PENDIENTE',
  `creado_tk` timestamp NULL DEFAULT NULL,
  `actualizado_tk` timestamp NULL DEFAULT NULL,
  PRIMARY KEY (`id_tickets`),
  KEY `id_servicios` (`id_servicios`),
  CONSTRAINT `ticket_servicio` FOREIGN KEY (`id_servicios`) REFERENCES `servicios` (`id_servicios`)
) ENGINE=InnoDB AUTO_INCREMENT=299 DEFAULT CHARSET=utf8mb4 COLLATE=utf8mb4_unicode_ci;

-- Volcando datos para la tabla crudphpmysql.tickets: ~251 rows (aproximadamente)
INSERT INTO `tickets` (`id_tickets`, `numero_tk`, `id_servicios`, `fecha_tk`, `estado_tk`, `creado_tk`, `actualizado_tk`) VALUES
	(1, 1, 1, '2026-02-20', 'PENDIENTE', '2026-03-02 15:06:46', NULL),
	(2, 2, 1, '2026-02-20', 'PENDIENTE', '2026-03-02 15:06:49', NULL),
	(3, 3, 2, '2026-02-20', 'PENDIENTE', '2026-03-02 15:06:50', NULL),
	(4, 4, 3, '2026-02-20', 'PENDIENTE', '2026-03-02 15:06:50', NULL),
	(5, 5, 5, '2026-02-20', 'PENDIENTE', '2026-03-02 15:06:51', NULL),
	(6, 6, 4, '2026-02-20', 'PENDIENTE', '2026-03-02 15:06:52', NULL),
	(13, 7, 1, '2026-02-20', 'PENDIENTE', '2026-03-02 15:06:53', NULL),
	(14, 8, 2, '2026-02-20', 'PENDIENTE', '2026-03-02 15:06:54', NULL),
	(15, 9, 4, '2026-02-20', 'PENDIENTE', '2026-03-02 15:06:54', NULL),
	(16, 10, 3, '2026-02-20', 'PENDIENTE', '2026-03-02 15:06:55', NULL),
	(17, 10, 1, '2026-02-20', 'PENDIENTE', '2026-03-02 15:06:56', NULL),
	(18, 10, 3, '2026-02-20', 'PENDIENTE', '2026-03-02 15:06:56', NULL),
	(19, 10, 5, '2026-02-20', 'PENDIENTE', '2026-03-02 15:06:57', NULL),
	(20, 10, 5, '2026-02-20', 'PENDIENTE', NULL, NULL),
	(21, 10, 4, '2026-02-20', 'PENDIENTE', NULL, NULL),
	(22, 10, 5, '2026-02-20', 'PENDIENTE', NULL, NULL),
	(23, 10, 4, '2026-02-20', 'PENDIENTE', NULL, NULL),
	(24, 10, 2, '2026-02-20', 'PENDIENTE', NULL, NULL),
	(25, 10, 1, '2026-02-20', 'PENDIENTE', NULL, NULL),
	(26, 10, 3, '2026-02-20', 'PENDIENTE', NULL, NULL),
	(27, 10, 3, '2026-02-20', 'PENDIENTE', NULL, NULL),
	(28, 10, 2, '2026-02-20', 'PENDIENTE', NULL, NULL),
	(29, 10, 1, '2026-02-20', 'PENDIENTE', NULL, NULL),
	(30, 11, 1, '2026-02-20', 'PENDIENTE', NULL, NULL),
	(31, 12, 3, '2026-02-20', 'PENDIENTE', NULL, NULL),
	(32, 13, 5, '2026-02-20', 'PENDIENTE', NULL, NULL),
	(33, 14, 4, '2026-02-20', 'PENDIENTE', NULL, NULL),
	(34, 15, 2, '2026-02-20', 'PENDIENTE', NULL, NULL),
	(35, 16, 1, '2026-02-20', 'PENDIENTE', NULL, NULL),
	(36, 17, 3, '2026-02-20', 'PENDIENTE', NULL, NULL),
	(37, 18, 5, '2026-02-20', 'PENDIENTE', NULL, NULL),
	(38, 19, 4, '2026-02-20', 'PENDIENTE', NULL, NULL),
	(39, 20, 2, '2026-02-20', 'PENDIENTE', NULL, NULL),
	(40, 21, 1, '2026-02-20', 'PENDIENTE', NULL, NULL),
	(41, 22, 3, '2026-02-20', 'PENDIENTE', NULL, NULL),
	(42, 23, 5, '2026-02-20', 'PENDIENTE', NULL, NULL),
	(43, 24, 5, '2026-02-20', 'PENDIENTE', NULL, NULL),
	(44, 25, 5, '2026-02-20', 'PENDIENTE', NULL, NULL),
	(45, 26, 5, '2026-02-20', 'PENDIENTE', NULL, NULL),
	(46, 27, 5, '2026-02-20', 'PENDIENTE', NULL, NULL),
	(47, 28, 5, '2026-02-20', 'PENDIENTE', NULL, NULL),
	(48, 29, 5, '2026-02-20', 'PENDIENTE', NULL, NULL),
	(49, 30, 5, '2026-02-20', 'PENDIENTE', NULL, NULL),
	(50, 31, 5, '2026-02-20', 'PENDIENTE', NULL, NULL),
	(51, 32, 5, '2026-02-20', 'PENDIENTE', NULL, NULL),
	(52, 33, 5, '2026-02-20', 'PENDIENTE', NULL, NULL),
	(53, 34, 5, '2026-02-20', 'PENDIENTE', NULL, NULL),
	(54, 35, 5, '2026-02-20', 'PENDIENTE', NULL, NULL),
	(55, 36, 5, '2026-02-20', 'PENDIENTE', NULL, NULL),
	(56, 37, 5, '2026-02-20', 'PENDIENTE', NULL, NULL),
	(57, 38, 5, '2026-02-20', 'PENDIENTE', NULL, NULL),
	(58, 39, 5, '2026-02-20', 'PENDIENTE', NULL, NULL),
	(59, 40, 5, '2026-02-20', 'PENDIENTE', NULL, NULL),
	(60, 41, 5, '2026-02-20', 'PENDIENTE', NULL, NULL),
	(61, 42, 5, '2026-02-20', 'PENDIENTE', '2026-02-20 15:24:22', NULL),
	(62, 43, 5, '2026-02-20', 'PENDIENTE', '2026-02-20 15:24:24', NULL),
	(63, 44, 5, '2026-02-20', 'PENDIENTE', '2026-02-20 15:24:49', NULL),
	(64, 45, 4, '2026-02-20', 'PENDIENTE', '2026-02-20 15:24:52', NULL),
	(65, 46, 2, '2026-02-20', 'PENDIENTE', '2026-02-20 15:24:53', NULL),
	(66, 47, 1, '2026-02-20', 'PENDIENTE', '2026-02-20 15:24:53', NULL),
	(67, 48, 3, '2026-02-20', 'PENDIENTE', '2026-02-20 15:24:54', NULL),
	(68, 49, 6, '2026-02-20', 'PENDIENTE', '2026-02-20 15:30:34', NULL),
	(69, 50, 6, '2026-02-20', 'PENDIENTE', '2026-02-20 15:30:34', NULL),
	(70, 51, 6, '2026-02-20', 'PENDIENTE', '2026-02-20 15:30:35', NULL),
	(71, 52, 6, '2026-02-20', 'PENDIENTE', '2026-02-20 15:30:35', NULL),
	(72, 53, 6, '2026-02-20', 'PENDIENTE', '2026-02-20 15:30:35', NULL),
	(73, 54, 6, '2026-02-20', 'PENDIENTE', '2026-02-20 15:30:35', NULL),
	(74, 55, 4, '2026-02-20', 'PENDIENTE', '2026-02-20 15:33:04', NULL),
	(75, 56, 3, '2026-02-20', 'PENDIENTE', '2026-02-20 15:33:04', NULL),
	(76, 57, 1, '2026-02-20', 'PENDIENTE', '2026-02-20 15:33:04', NULL),
	(77, 58, 3, '2026-02-20', 'PENDIENTE', '2026-02-20 15:37:03', NULL),
	(78, 59, 4, '2026-02-20', 'PENDIENTE', '2026-02-20 15:37:04', NULL),
	(79, 60, 1, '2026-02-20', 'PENDIENTE', '2026-02-20 16:24:54', NULL),
	(80, 61, 6, '2026-02-20', 'PENDIENTE', '2026-02-20 16:24:59', NULL),
	(81, 62, 2, '2026-02-20', 'PENDIENTE', '2026-02-20 16:25:00', NULL),
	(82, 63, 5, '2026-02-20', 'PENDIENTE', '2026-02-20 16:32:22', NULL),
	(83, 64, 5, '2026-02-20', 'PENDIENTE', '2026-02-20 16:32:23', NULL),
	(84, 65, 5, '2026-02-20', 'PENDIENTE', '2026-02-20 16:32:23', NULL),
	(85, 66, 3, '2026-02-20', 'PENDIENTE', '2026-02-20 16:33:47', NULL),
	(86, 67, 5, '2026-02-20', 'PENDIENTE', '2026-02-20 16:33:47', NULL),
	(87, 68, 1, '2026-02-20', 'PENDIENTE', '2026-02-20 16:33:48', NULL),
	(88, 69, 2, '2026-02-20', 'PENDIENTE', '2026-02-20 16:33:48', NULL),
	(89, 70, 4, '2026-02-20', 'PENDIENTE', '2026-02-20 16:33:48', NULL),
	(90, 71, 6, '2026-02-20', 'PENDIENTE', '2026-02-20 16:33:49', NULL),
	(91, 72, 5, '2026-02-20', 'PENDIENTE', '2026-02-20 16:46:18', NULL),
	(92, 73, 5, '2026-02-20', 'PENDIENTE', '2026-02-20 16:46:18', NULL),
	(93, 74, 5, '2026-02-20', 'PENDIENTE', '2026-02-20 16:46:19', NULL),
	(94, 75, 5, '2026-02-20', 'PENDIENTE', '2026-02-20 16:46:19', NULL),
	(95, 76, 2, '2026-02-20', 'PENDIENTE', '2026-02-20 16:46:29', NULL),
	(96, 77, 2, '2026-02-20', 'PENDIENTE', '2026-02-20 16:46:29', NULL),
	(97, 78, 2, '2026-02-20', 'PENDIENTE', '2026-02-20 16:46:29', NULL),
	(98, 79, 2, '2026-02-20', 'PENDIENTE', '2026-02-20 16:46:29', NULL),
	(99, 69, 1, '2026-02-20', 'PENDIENTE', '2026-02-20 16:56:04', NULL),
	(100, 70, 1, '2026-02-20', 'PENDIENTE', '2026-02-20 16:56:04', NULL),
	(101, 71, 1, '2026-02-20', 'PENDIENTE', '2026-02-20 16:56:05', NULL),
	(102, 72, 1, '2026-02-20', 'PENDIENTE', '2026-02-20 16:56:05', NULL),
	(103, 67, 3, '2026-02-20', 'PENDIENTE', '2026-02-20 16:56:18', NULL),
	(104, 68, 3, '2026-02-20', 'PENDIENTE', '2026-02-20 16:56:18', NULL),
	(105, 69, 3, '2026-02-20', 'PENDIENTE', '2026-02-20 16:56:18', NULL),
	(106, 70, 3, '2026-02-20', 'PENDIENTE', '2026-02-20 16:56:19', NULL),
	(107, 80, 2, '2026-02-20', 'PENDIENTE', '2026-02-20 16:56:38', NULL),
	(108, 81, 2, '2026-02-20', 'PENDIENTE', '2026-02-20 16:56:38', NULL),
	(109, 82, 2, '2026-02-20', 'PENDIENTE', '2026-02-20 16:56:39', NULL),
	(110, 83, 2, '2026-02-20', 'PENDIENTE', '2026-02-20 16:56:39', NULL),
	(111, 71, 4, '2026-02-20', 'PENDIENTE', '2026-02-20 16:56:55', NULL),
	(112, 72, 4, '2026-02-20', 'PENDIENTE', '2026-02-20 16:56:55', NULL),
	(113, 73, 4, '2026-02-20', 'PENDIENTE', '2026-02-20 16:56:56', NULL),
	(114, 74, 4, '2026-02-20', 'PENDIENTE', '2026-02-20 16:56:56', NULL),
	(115, 75, 4, '2026-02-20', 'PENDIENTE', '2026-02-20 16:56:57', NULL),
	(116, 76, 5, '2026-02-20', 'PENDIENTE', '2026-02-20 16:57:08', NULL),
	(117, 77, 5, '2026-02-20', 'PENDIENTE', '2026-02-20 16:57:08', NULL),
	(118, 78, 5, '2026-02-20', 'PENDIENTE', '2026-02-20 16:57:08', NULL),
	(119, 79, 5, '2026-02-20', 'PENDIENTE', '2026-02-20 16:57:09', NULL),
	(120, 80, 5, '2026-02-20', 'PENDIENTE', '2026-02-20 16:57:09', NULL),
	(121, 72, 6, '2026-02-20', 'PENDIENTE', '2026-02-20 16:57:38', NULL),
	(122, 73, 6, '2026-02-20', 'PENDIENTE', '2026-02-20 16:57:39', NULL),
	(123, 74, 6, '2026-02-20', 'PENDIENTE', '2026-02-20 16:57:39', NULL),
	(124, 75, 6, '2026-02-20', 'PENDIENTE', '2026-02-20 16:57:39', NULL),
	(125, 76, 6, '2026-02-20', 'PENDIENTE', '2026-02-20 16:57:39', NULL),
	(126, 77, 6, '2026-02-20', 'PENDIENTE', '2026-02-20 16:57:40', NULL),
	(127, 78, 6, '2026-02-20', 'PENDIENTE', '2026-02-20 16:57:40', NULL),
	(128, 79, 6, '2026-02-20', 'PENDIENTE', '2026-02-20 16:57:41', NULL),
	(129, 80, 6, '2026-02-20', 'PENDIENTE', '2026-02-20 16:57:41', NULL),
	(130, 81, 6, '2026-02-20', 'PENDIENTE', '2026-02-20 16:57:41', NULL),
	(131, 82, 6, '2026-02-20', 'PENDIENTE', '2026-02-20 16:57:42', NULL),
	(132, 83, 6, '2026-02-20', 'PENDIENTE', '2026-02-20 16:57:42', NULL),
	(133, 81, 5, '2026-02-20', 'PENDIENTE', '2026-02-20 16:57:43', NULL),
	(134, 82, 5, '2026-02-20', 'PENDIENTE', '2026-02-20 16:57:44', NULL),
	(135, 83, 5, '2026-02-20', 'PENDIENTE', '2026-02-20 16:57:45', NULL),
	(136, 76, 4, '2026-02-20', 'PENDIENTE', '2026-02-20 16:57:49', NULL),
	(137, 77, 4, '2026-02-20', 'PENDIENTE', '2026-02-20 16:57:50', NULL),
	(138, 78, 4, '2026-02-20', 'PENDIENTE', '2026-02-20 16:57:50', NULL),
	(139, 79, 4, '2026-02-20', 'PENDIENTE', '2026-02-20 16:57:50', NULL),
	(140, 80, 4, '2026-02-20', 'PENDIENTE', '2026-02-20 16:57:51', NULL),
	(141, 81, 4, '2026-02-20', 'PENDIENTE', '2026-02-20 16:57:51', NULL),
	(142, 82, 4, '2026-02-20', 'PENDIENTE', '2026-02-20 16:57:52', NULL),
	(143, 83, 4, '2026-02-20', 'PENDIENTE', '2026-02-20 16:57:52', NULL),
	(144, 84, 2, '2026-02-20', 'PENDIENTE', '2026-02-20 16:57:54', NULL),
	(145, 84, 4, '2026-02-20', 'PENDIENTE', '2026-02-20 16:57:55', NULL),
	(146, 84, 6, '2026-02-20', 'PENDIENTE', '2026-02-20 16:57:56', NULL),
	(147, 84, 5, '2026-02-20', 'PENDIENTE', '2026-02-20 16:57:57', NULL),
	(148, 71, 3, '2026-02-20', 'PENDIENTE', '2026-02-20 16:57:59', NULL),
	(149, 72, 3, '2026-02-20', 'PENDIENTE', '2026-02-20 16:57:59', NULL),
	(150, 73, 3, '2026-02-20', 'PENDIENTE', '2026-02-20 16:57:59', NULL),
	(151, 74, 3, '2026-02-20', 'PENDIENTE', '2026-02-20 16:58:00', NULL),
	(152, 75, 3, '2026-02-20', 'PENDIENTE', '2026-02-20 16:58:00', NULL),
	(153, 76, 3, '2026-02-20', 'PENDIENTE', '2026-02-20 16:58:00', NULL),
	(154, 77, 3, '2026-02-20', 'PENDIENTE', '2026-02-20 16:58:01', NULL),
	(155, 78, 3, '2026-02-20', 'PENDIENTE', '2026-02-20 16:58:01', NULL),
	(156, 79, 3, '2026-02-20', 'PENDIENTE', '2026-02-20 16:58:02', NULL),
	(157, 80, 3, '2026-02-20', 'PENDIENTE', '2026-02-20 16:58:02', NULL),
	(158, 81, 3, '2026-02-20', 'PENDIENTE', '2026-02-20 16:58:03', NULL),
	(159, 82, 3, '2026-02-20', 'PENDIENTE', '2026-02-20 16:58:03', NULL),
	(160, 83, 3, '2026-02-20', 'PENDIENTE', '2026-02-20 16:58:04', NULL),
	(161, 84, 3, '2026-02-20', 'PENDIENTE', '2026-02-20 16:58:04', NULL),
	(162, 73, 1, '2026-02-20', 'PENDIENTE', '2026-02-20 16:58:05', NULL),
	(163, 74, 1, '2026-02-20', 'PENDIENTE', '2026-02-20 16:58:06', NULL),
	(164, 75, 1, '2026-02-20', 'PENDIENTE', '2026-02-20 16:58:06', NULL),
	(165, 76, 1, '2026-02-20', 'PENDIENTE', '2026-02-20 16:58:06', NULL),
	(166, 77, 1, '2026-02-20', 'PENDIENTE', '2026-02-20 16:58:07', NULL),
	(167, 78, 1, '2026-02-20', 'PENDIENTE', '2026-02-20 16:58:07', NULL),
	(168, 79, 1, '2026-02-20', 'PENDIENTE', '2026-02-20 16:58:07', NULL),
	(169, 80, 1, '2026-02-20', 'PENDIENTE', '2026-02-20 16:58:07', NULL),
	(170, 81, 1, '2026-02-20', 'PENDIENTE', '2026-02-20 16:58:07', NULL),
	(171, 82, 1, '2026-02-20', 'PENDIENTE', '2026-02-20 16:58:08', NULL),
	(172, 83, 1, '2026-02-20', 'PENDIENTE', '2026-02-20 16:58:08', NULL),
	(173, 84, 1, '2026-02-20', 'PENDIENTE', '2026-02-20 16:58:09', NULL),
	(174, 85, 1, '2026-02-20', 'PENDIENTE', '2026-02-20 16:58:18', NULL),
	(175, 85, 2, '2026-02-20', 'PENDIENTE', '2026-02-20 16:58:18', NULL),
	(176, 85, 3, '2026-02-20', 'PENDIENTE', '2026-02-20 16:58:19', NULL),
	(177, 85, 4, '2026-02-20', 'PENDIENTE', '2026-02-20 16:58:20', NULL),
	(178, 85, 5, '2026-02-20', 'PENDIENTE', '2026-02-20 16:58:20', NULL),
	(179, 85, 6, '2026-02-20', 'PENDIENTE', '2026-02-20 16:58:21', NULL),
	(180, 86, 6, '2026-02-20', 'PENDIENTE', '2026-02-20 16:58:38', NULL),
	(181, 86, 5, '2026-02-20', 'PENDIENTE', '2026-02-20 16:58:39', NULL),
	(182, 86, 4, '2026-02-20', 'PENDIENTE', '2026-02-20 16:58:40', NULL),
	(183, 86, 3, '2026-02-20', 'PENDIENTE', '2026-02-20 16:58:40', NULL),
	(184, 86, 1, '2026-02-20', 'PENDIENTE', '2026-02-20 16:58:41', NULL),
	(185, 86, 2, '2026-02-20', 'PENDIENTE', '2026-02-20 16:58:41', NULL),
	(186, 87, 1, '2026-02-20', 'PENDIENTE', '2026-02-20 17:03:04', NULL),
	(187, 87, 2, '2026-02-20', 'PENDIENTE', '2026-02-20 17:03:08', NULL),
	(188, 88, 1, '2026-02-20', 'PENDIENTE', '2026-02-20 18:31:52', NULL),
	(189, 88, 2, '2026-02-20', 'PENDIENTE', '2026-02-20 18:31:53', NULL),
	(190, 87, 3, '2026-02-20', 'PENDIENTE', '2026-02-20 18:31:54', NULL),
	(191, 88, 3, '2026-02-20', 'PENDIENTE', '2026-02-20 18:31:55', NULL),
	(192, 87, 4, '2026-02-20', 'PENDIENTE', '2026-02-20 18:31:56', NULL),
	(193, 88, 4, '2026-02-20', 'PENDIENTE', '2026-02-20 18:31:56', NULL),
	(194, 87, 5, '2026-02-20', 'PENDIENTE', '2026-02-20 18:31:57', NULL),
	(195, 88, 5, '2026-02-20', 'PENDIENTE', '2026-02-20 18:31:58', NULL),
	(196, 87, 6, '2026-02-20', 'PENDIENTE', '2026-02-20 18:31:58', NULL),
	(197, 88, 6, '2026-02-20', 'PENDIENTE', '2026-02-20 18:31:59', NULL),
	(198, 89, 3, '2026-02-20', 'PENDIENTE', '2026-02-20 18:32:45', NULL),
	(199, 89, 5, '2026-02-20', 'PENDIENTE', '2026-02-20 18:32:54', NULL),
	(200, 89, 4, '2026-02-20', 'PENDIENTE', '2026-02-20 18:32:55', NULL),
	(201, 89, 1, '2026-02-20', 'PENDIENTE', '2026-02-20 18:33:03', NULL),
	(202, 90, 3, '2026-02-20', 'PENDIENTE', '2026-02-20 18:33:04', NULL),
	(203, 89, 6, '2026-02-20', 'PENDIENTE', '2026-02-20 18:33:05', NULL),
	(204, 90, 4, '2026-02-20', 'PENDIENTE', '2026-02-20 18:33:05', NULL),
	(205, 90, 5, '2026-02-20', 'PENDIENTE', '2026-02-20 18:33:06', NULL),
	(206, 90, 1, '2026-02-20', 'PENDIENTE', '2026-02-20 18:33:54', NULL),
	(207, 91, 1, '2026-02-20', 'PENDIENTE', '2026-02-20 18:33:55', NULL),
	(208, 92, 1, '2026-02-20', 'PENDIENTE', '2026-02-20 18:33:55', NULL),
	(209, 93, 1, '2026-02-20', 'PENDIENTE', '2026-02-20 22:10:19', NULL),
	(210, 94, 1, '2026-02-20', 'PENDIENTE', '2026-02-20 22:10:20', NULL),
	(211, 95, 1, '2026-02-20', 'PENDIENTE', '2026-02-20 22:10:21', NULL),
	(212, 96, 1, '2026-02-20', 'PENDIENTE', '2026-02-20 22:10:21', NULL),
	(213, 97, 1, '2026-02-20', 'PENDIENTE', '2026-02-20 22:10:21', NULL),
	(214, 91, 3, '2026-02-20', 'PENDIENTE', '2026-02-20 22:10:26', NULL),
	(215, 91, 5, '2026-02-20', 'PENDIENTE', '2026-02-20 22:10:27', NULL),
	(216, 89, 2, '2026-02-20', 'PENDIENTE', '2026-02-20 22:10:28', NULL),
	(217, 91, 4, '2026-02-20', 'PENDIENTE', '2026-02-20 22:10:28', NULL),
	(218, 90, 6, '2026-02-20', 'PENDIENTE', '2026-02-20 22:10:29', NULL),
	(219, 92, 5, '2026-02-20', 'PENDIENTE', '2026-02-20 22:10:33', NULL),
	(220, 93, 5, '2026-02-20', 'PENDIENTE', '2026-02-20 22:10:33', NULL),
	(221, 94, 5, '2026-02-20', 'PENDIENTE', '2026-02-20 22:10:34', NULL),
	(222, 95, 5, '2026-02-20', 'PENDIENTE', '2026-02-20 22:10:34', NULL),
	(223, 91, 6, '2026-02-20', 'PENDIENTE', '2026-02-20 22:10:35', NULL),
	(224, 92, 6, '2026-02-20', 'PENDIENTE', '2026-02-20 22:10:36', NULL),
	(225, 93, 6, '2026-02-20', 'PENDIENTE', '2026-02-20 22:10:36', NULL),
	(226, 94, 6, '2026-02-20', 'PENDIENTE', '2026-02-20 22:10:37', NULL),
	(227, 95, 6, '2026-02-20', 'PENDIENTE', '2026-02-20 22:10:37', NULL),
	(228, 1, 1, '2026-02-23', 'PENDIENTE', '2026-02-23 12:53:15', NULL),
	(229, 2, 1, '2026-02-23', 'PENDIENTE', '2026-02-23 12:53:20', NULL),
	(230, 3, 1, '2026-02-23', 'PENDIENTE', '2026-02-23 12:53:21', NULL),
	(231, 1, 3, '2026-02-23', 'PENDIENTE', '2026-02-23 12:53:22', NULL),
	(232, 2, 3, '2026-02-23', 'PENDIENTE', '2026-02-23 12:53:22', NULL),
	(233, 1, 5, '2026-02-23', 'PENDIENTE', '2026-02-23 12:53:23', NULL),
	(234, 1, 2, '2026-02-23', 'PENDIENTE', '2026-02-23 12:53:24', NULL),
	(235, 2, 2, '2026-02-23', 'PENDIENTE', '2026-02-23 12:53:25', NULL),
	(236, 3, 2, '2026-02-23', 'PENDIENTE', '2026-02-23 12:53:25', NULL),
	(237, 1, 4, '2026-02-23', 'PENDIENTE', '2026-02-23 12:53:26', NULL),
	(238, 2, 4, '2026-02-23', 'PENDIENTE', '2026-02-23 12:53:27', NULL),
	(239, 1, 6, '2026-02-23', 'PENDIENTE', '2026-02-23 12:53:27', NULL),
	(240, 1, 1, '2026-02-25', 'PENDIENTE', '2026-02-25 19:21:11', NULL),
	(241, 1, 3, '2026-02-25', 'PENDIENTE', '2026-02-25 19:21:13', NULL),
	(242, 1, 5, '2026-02-25', 'PENDIENTE', '2026-02-25 19:21:14', NULL),
	(243, 2, 3, '2026-02-25', 'PENDIENTE', '2026-02-25 19:21:14', NULL),
	(244, 2, 1, '2026-02-25', 'PENDIENTE', '2026-02-25 19:21:15', NULL),
	(245, 2, 5, '2026-02-25', 'PENDIENTE', '2026-02-25 19:21:15', NULL),
	(246, 1, 2, '2026-02-25', 'PENDIENTE', '2026-02-25 19:21:22', NULL),
	(247, 1, 4, '2026-02-25', 'PENDIENTE', '2026-02-25 19:21:23', NULL),
	(248, 1, 6, '2026-02-25', 'PENDIENTE', '2026-02-25 19:21:23', NULL),
	(249, 2, 4, '2026-02-25', 'PENDIENTE', '2026-02-25 19:21:24', NULL),
	(250, 2, 2, '2026-02-25', 'PENDIENTE', '2026-02-25 19:21:24', NULL),
	(251, 3, 4, '2026-02-25', 'PENDIENTE', '2026-02-25 19:21:25', NULL),
	(252, 2, 6, '2026-02-25', 'PENDIENTE', '2026-02-25 19:21:25', NULL),
	(253, 3, 2, '2026-02-25', 'PENDIENTE', '2026-02-25 19:21:27', NULL),
	(254, 4, 4, '2026-02-25', 'PENDIENTE', '2026-02-25 19:21:27', NULL),
	(255, 4, 2, '2026-02-25', 'PENDIENTE', '2026-02-25 19:21:29', NULL),
	(256, 3, 6, '2026-02-25', 'PENDIENTE', '2026-02-25 19:21:29', NULL),
	(257, 4, 6, '2026-02-25', 'PENDIENTE', '2026-02-25 19:21:30', NULL),
	(258, 1, 1, '2026-02-26', 'PENDIENTE', '2026-02-26 21:15:45', NULL),
	(259, 1, 3, '2026-02-26', 'PENDIENTE', '2026-02-26 21:15:47', NULL),
	(260, 1, 5, '2026-02-26', 'PENDIENTE', '2026-02-26 21:15:48', NULL),
	(261, 1, 7, '2026-02-26', 'PENDIENTE', '2026-02-26 21:15:48', NULL),
	(262, 1, 9, '2026-02-26', 'PENDIENTE', '2026-02-26 21:15:49', NULL),
	(263, 1, 11, '2026-02-26', 'PENDIENTE', '2026-02-26 21:15:50', NULL),
	(264, 1, 10, '2026-02-26', 'PENDIENTE', '2026-02-26 21:15:50', NULL),
	(265, 1, 8, '2026-02-26', 'PENDIENTE', '2026-02-26 21:15:51', NULL),
	(266, 1, 6, '2026-02-26', 'PENDIENTE', '2026-02-26 21:15:51', NULL),
	(267, 1, 4, '2026-02-26', 'PENDIENTE', '2026-02-26 21:15:52', NULL),
	(268, 1, 2, '2026-02-26', 'PENDIENTE', '2026-02-26 21:15:52', NULL),
	(269, 2, 1, '2026-02-26', 'PENDIENTE', '2026-02-26 21:16:12', NULL),
	(270, 3, 1, '2026-02-26', 'PENDIENTE', '2026-02-26 21:16:14', NULL),
	(271, 1, 1, '2026-02-27', 'PENDIENTE', '2026-02-27 13:09:05', NULL),
	(272, 2, 1, '2026-02-27', 'PENDIENTE', '2026-02-27 13:09:06', NULL),
	(273, 3, 1, '2026-02-27', 'PENDIENTE', '2026-02-27 13:09:07', NULL),
	(274, 4, 1, '2026-02-27', 'PENDIENTE', '2026-02-27 13:09:07', NULL),
	(275, 5, 1, '2026-02-27', 'PENDIENTE', '2026-02-27 13:09:08', NULL),
	(276, 6, 1, '2026-02-27', 'PENDIENTE', '2026-02-27 14:50:11', NULL),
	(277, 7, 1, '2026-02-27', 'PENDIENTE', '2026-02-27 14:50:13', NULL),
	(278, 8, 1, '2026-02-27', 'PENDIENTE', '2026-02-27 14:50:14', NULL),
	(279, 9, 1, '2026-02-27', 'PENDIENTE', '2026-02-27 14:50:15', NULL),
	(280, 10, 1, '2026-02-27', 'PENDIENTE', '2026-02-27 14:50:15', NULL),
	(281, 1, 2, '2026-02-27', 'PENDIENTE', '2026-02-27 14:50:33', NULL),
	(282, 2, 2, '2026-02-27', 'PENDIENTE', '2026-02-27 14:50:34', NULL),
	(283, 3, 2, '2026-02-27', 'PENDIENTE', '2026-02-27 14:50:34', NULL),
	(284, 4, 2, '2026-02-27', 'PENDIENTE', '2026-02-27 14:50:35', NULL),
	(285, 5, 2, '2026-02-27', 'PENDIENTE', '2026-02-27 14:50:35', NULL),
	(286, 6, 2, '2026-02-27', 'PENDIENTE', '2026-02-27 14:50:35', NULL),
	(287, 1, 10, '2026-02-27', 'PENDIENTE', '2026-02-27 20:26:51', NULL),
	(288, 1, 8, '2026-02-27', 'PENDIENTE', '2026-02-27 20:26:52', NULL),
	(289, 2, 10, '2026-02-27', 'PENDIENTE', '2026-02-27 20:26:53', NULL),
	(290, 2, 8, '2026-02-27', 'PENDIENTE', '2026-02-27 20:26:54', NULL),
	(291, 3, 8, '2026-02-27', 'PENDIENTE', '2026-02-27 20:26:56', NULL),
	(292, 3, 10, '2026-02-27', 'PENDIENTE', '2026-02-27 20:26:57', NULL),
	(293, 4, 10, '2026-02-27', 'PENDIENTE', '2026-02-27 20:26:58', NULL),
	(294, 1, 1, '2026-03-02', 'PENDIENTE', '2026-03-02 14:59:56', NULL),
	(295, 2, 1, '2026-03-02', 'PENDIENTE', '2026-03-02 14:59:56', NULL),
	(296, 3, 1, '2026-03-02', 'PENDIENTE', '2026-03-02 14:59:56', NULL),
	(297, 4, 1, '2026-03-02', 'PENDIENTE', '2026-03-02 14:59:57', NULL),
	(298, 5, 1, '2026-03-02', 'PENDIENTE', '2026-03-02 14:59:57', NULL);

-- Volcando estructura para tabla crudphpmysql.usuarios
CREATE TABLE IF NOT EXISTS `usuarios` (
  `id_usuario` int NOT NULL AUTO_INCREMENT,
  `usuario_user` varchar(50) CHARACTER SET utf8mb4 COLLATE utf8mb4_unicode_ci NOT NULL,
  `password_user` varchar(255) CHARACTER SET utf8mb4 COLLATE utf8mb4_unicode_ci NOT NULL,
  `nombre_user` varchar(100) CHARACTER SET utf8mb4 COLLATE utf8mb4_unicode_ci DEFAULT NULL,
  `id_rol_user` int DEFAULT NULL,
  `id_ventanilla` int DEFAULT NULL,
  `estado_user` tinyint DEFAULT '1',
  `creado_user` datetime DEFAULT NULL,
  `actualizado_user` datetime DEFAULT NULL,
  PRIMARY KEY (`id_usuario`),
  UNIQUE KEY `usuario` (`usuario_user`) USING BTREE,
  KEY `id_rol` (`id_rol_user`) USING BTREE,
  KEY `id_ventanilla` (`id_ventanilla`),
  CONSTRAINT `usuario_rol` FOREIGN KEY (`id_rol_user`) REFERENCES `roles` (`id_rol`),
  CONSTRAINT `usuario_ventanilla` FOREIGN KEY (`id_ventanilla`) REFERENCES `ventanillas` (`id_ventanilla`)
) ENGINE=InnoDB AUTO_INCREMENT=31 DEFAULT CHARSET=utf8mb4 COLLATE=utf8mb4_unicode_ci;

-- Volcando datos para la tabla crudphpmysql.usuarios: ~21 rows (aproximadamente)
INSERT INTO `usuarios` (`id_usuario`, `usuario_user`, `password_user`, `nombre_user`, `id_rol_user`, `id_ventanilla`, `estado_user`, `creado_user`, `actualizado_user`) VALUES
	(3, 'roman', '$2y$10$SU9opMcHrxHfJtFQ7fmypOTD.BMOAhq9ytFYI7tViRZsAD253zPg.', 'Cesar Roman Acero Oliva', 1, NULL, 1, NULL, NULL),
	(4, 'cesar', '$2y$10$9goL9WS/yAw5v5PlxHELieEBUK02GAInLzwVHBKZDu82wcnLP2su2', 'Cesar Enrique Acer Perez', 2, NULL, 1, NULL, NULL),
	(5, 'ivan', '$2y$10$49kIpbXnsactZGdQv/D6T.kQ1590EpIA488MpNrvO1x05PdudaeAK', 'Ivan Ccaso', 3, 1, 1, '2026-02-27 08:53:18', NULL),
	(7, 'alonso', '$2y$10$yAhD/qiwkGm/B0g81fV30uIrjtsvDtEsyZfnLmZAf5b23bhYDi9Yi', 'Alonso', 2, NULL, 1, NULL, NULL),
	(10, 'juan', '$2y$10$q08KlIF/3jYRQFIvBkkya.qx9VrgR6Z4fdqQQx8G36nS.XRbxGqRe', 'Juan Acer', 3, 2, 1, '2026-02-27 08:53:19', NULL),
	(14, 'admin', '$2y$10$FA2tckBGqjmyigCgTBcNs.0p7Z6AF8pPh9QGmj8p48keXP.PRpT42', 'Admin', 2, NULL, 1, NULL, NULL),
	(15, 'PRUEBA', '$2y$10$qQTjGAd14/Pp8l93bHJeHe8F3aOtwCnNr01ggMnHg6dEufcUdmuIi', 'PRUEBA', 3, NULL, 1, NULL, NULL),
	(16, 'pepe', '$2y$10$JKsWknxgimqnS1LpgLpvNeq5FVJDlghqjlt2C/PFBKgc.CquxAmji', 'Pepe', 3, NULL, 1, NULL, NULL),
	(17, 'turnos', '$2y$10$4pniV3Sof4GUxBd1BZwPJek9tRH.0NGyG8jhNXNmnmD5TdbaHUoRG', 'Turnos', 4, NULL, 1, NULL, NULL),
	(19, 'gaston', '$2y$10$ReXuUyPyYvuVDXYI5PplgOvgp1kglzw057M2.YX59PPFK4fZqbJxq', 'Gaston Poma', 3, NULL, 1, NULL, NULL),
	(20, 'pablo', '$2y$10$O7FJURTfTDorukx15mtHqOCpx0i0gKpuzcMtXx3Oxi26OBG.rHw8q', 'Pablo Perez Brito', 3, NULL, 1, NULL, NULL),
	(21, 'enrique', '$2y$10$YATkgc0kE759IFNdJF3JturQsuRSyVRjhXLvvOjSd6S2kiwzPysM.', 'Enrique Gomez Piedra', 3, NULL, 1, NULL, NULL),
	(22, 'juancho', '$2y$10$4RVv2x33ldwWxLz3LxoopeE0LBx3g54nvB9RamFmQL04qHdDxLF3a', 'Juancho Valedez Carrillo', 3, NULL, 1, NULL, NULL),
	(23, 'matias', '$2y$10$L9tyPe/UVSE64gBETy/kJeM.b1A/9C27uRS8CK1MJXoRqB9d/TluO', 'Matias Edu Sanchez Olivera', 3, NULL, 0, NULL, NULL),
	(24, 'carla', '$2y$10$Uys.LMgz/8E1kZGT9NpiR.ot.rJ38hle45jKpCCMsuIwNbBrEbeZW', 'Carla Guzman Perales', 3, NULL, 1, NULL, NULL),
	(25, 'maria', '$2y$10$f988xa1XeKq.FEgiU0YbdegQa8vJwEJF1mgbBKaysPrL..9xCZbf.', 'Maria Delgado Grueso', 3, NULL, 1, NULL, NULL),
	(26, 'mercedes', '$2y$10$c.tBLvskKRCnzDHZ6UHAL.d2o0R51Htm8ISKGKIHgKDme.0mZK8QO', 'Mercedes Benz del Carpio', 3, NULL, 1, NULL, NULL),
	(27, 'jorge', '$2y$10$eXZFLgifAHbi0R9KBoKXFeBGIa8vO8HUuXlqRmvn0D0CShgwgvWq6', 'Jorge Mariano Rojas Naranjas', 3, NULL, 1, NULL, NULL),
	(28, 'p', '$2y$10$o4du0YMy/t2pLUXewuZjVenuYPyHtrSPJW9R8M2xQt10F4PItQZoO', 'P', 3, NULL, 0, NULL, NULL),
	(29, 'q', '$2y$10$eLFZLRC1R.4DVVOOrBHCPuLrixJfllhMTSMkoBpbnTdzR5l8ojHnG', 'q', 3, NULL, 1, NULL, NULL),
	(30, 'seleccion', '$2y$10$.65kNc7gFkdHlv/MvF5dvejxE7GsFnbRIxWjDuYHDkSsF6/sPv2Tq', 'Seleccion', 4, NULL, 1, NULL, NULL);

-- Volcando estructura para tabla crudphpmysql.ventanillas
CREATE TABLE IF NOT EXISTS `ventanillas` (
  `id_ventanilla` int NOT NULL AUTO_INCREMENT,
  `numero_vent` varchar(50) COLLATE utf8mb4_unicode_ci DEFAULT NULL,
  `descripcion_vent` varchar(50) COLLATE utf8mb4_unicode_ci DEFAULT NULL,
  `estado_vent` tinyint DEFAULT '1',
  `creado_vent` timestamp NULL DEFAULT NULL,
  `actualizado` timestamp NULL DEFAULT NULL,
  PRIMARY KEY (`id_ventanilla`)
) ENGINE=InnoDB AUTO_INCREMENT=8 DEFAULT CHARSET=utf8mb4 COLLATE=utf8mb4_unicode_ci;

-- Volcando datos para la tabla crudphpmysql.ventanillas: ~7 rows (aproximadamente)
INSERT INTO `ventanillas` (`id_ventanilla`, `numero_vent`, `descripcion_vent`, `estado_vent`, `creado_vent`, `actualizado`) VALUES
	(1, '1', 'Ventanilla 01', 1, '2026-02-26 19:28:25', NULL),
	(2, '2', 'Ventanilla 02', 1, '2026-02-26 19:28:26', NULL),
	(3, '3', 'Ventanilla 03', 1, '2026-02-26 19:28:27', NULL),
	(4, '4', 'Ventanilla 04', 1, '2026-02-26 19:28:27', NULL),
	(5, '5', 'Ventanilla 05', 1, '2026-02-26 19:28:28', NULL),
	(6, '6', 'Ventanilla 06', 1, '2026-02-26 19:28:29', NULL),
	(7, '7', 'Ventanilla 07', 1, '2026-02-26 19:28:30', NULL);

/*!40103 SET TIME_ZONE=IFNULL(@OLD_TIME_ZONE, 'system') */;
/*!40101 SET SQL_MODE=IFNULL(@OLD_SQL_MODE, '') */;
/*!40014 SET FOREIGN_KEY_CHECKS=IFNULL(@OLD_FOREIGN_KEY_CHECKS, 1) */;
/*!40101 SET CHARACTER_SET_CLIENT=@OLD_CHARACTER_SET_CLIENT */;
/*!40111 SET SQL_NOTES=IFNULL(@OLD_SQL_NOTES, 1) */;
